[
  {
    "id": "962056dd-a418-4544-9b20-c54701c7b3b6",
    "data": [
      {
        "text": "i need tooth pasta",
        "userDefined": false
      }
    ],
    "isTemplate": false,
    "count": 0,
    "lang": "en",
    "updated": 0
  },
  {
    "id": "89226572-c9e9-46cd-9a81-9f7817534524",
    "data": [
      {
        "text": "do you have pasta",
        "userDefined": false
      }
    ],
    "isTemplate": false,
    "count": 0,
    "lang": "en",
    "updated": 0
  },
  {
    "id": "69339b44-83cd-4d43-ad64-1189edcffe71",
    "data": [
      {
        "text": "i have cavities",
        "userDefined": false
      }
    ],
    "isTemplate": false,
    "count": 0,
    "lang": "en",
    "updated": 0
  },
  {
    "id": "2e6b814d-9c71-4b38-bee0-ab202fffdf24",
    "data": [
      {
        "text": "can you do tooth filling",
        "userDefined": false
      }
    ],
    "isTemplate": false,
    "count": 0,
    "lang": "en",
    "updated": 0
  },
  {
    "id": "59a78608-339f-4c20-8421-a66b8824674f",
    "data": [
      {
        "text": "do you offer dental filling",
        "userDefined": false
      }
    ],
    "isTemplate": false,
    "count": 0,
    "lang": "en",
    "updated": 0
  }
]