[
  {
    "id": "af2e1584-f43a-4d8d-bed2-80ad4173d907",
    "data": [
      {
        "text": "i have loose tooth",
        "userDefined": false
      }
    ],
    "isTemplate": false,
    "count": 0,
    "lang": "en",
    "updated": 0
  },
  {
    "id": "7204e770-c714-41c4-9c23-483cfc83fdad",
    "data": [
      {
        "text": "my tooth is loose",
        "userDefined": false
      }
    ],
    "isTemplate": false,
    "count": 0,
    "lang": "en",
    "updated": 0
  },
  {
    "id": "8de102b2-5d9c-4552-be42-fa18e70bccf0",
    "data": [
      {
        "text": "do you offer tooth extraction",
        "userDefined": false
      }
    ],
    "isTemplate": false,
    "count": 0,
    "lang": "en",
    "updated": 0
  },
  {
    "id": "62dce418-45c9-443e-a306-b7c45fac4832",
    "data": [
      {
        "text": "i want to have a tooth removed",
        "userDefined": false
      }
    ],
    "isTemplate": false,
    "count": 0,
    "lang": "en",
    "updated": 0
  },
  {
    "id": "7f21e21c-ded0-4a41-8d98-81624b55baad",
    "data": [
      {
        "text": "my tooth hurts",
        "userDefined": false
      }
    ],
    "isTemplate": false,
    "count": 0,
    "lang": "en",
    "updated": 0
  }
]