[
  {
    "id": "11cded96-5536-474f-847b-d55ce0f464a5",
    "data": [
      {
        "text": "i think i have covid",
        "userDefined": false
      }
    ],
    "isTemplate": false,
    "count": 0,
    "lang": "en",
    "updated": 0
  },
  {
    "id": "4570a1af-56f5-4d46-9fbd-60a01e054601",
    "data": [
      {
        "text": "what if i am not feeling well",
        "userDefined": false
      }
    ],
    "isTemplate": false,
    "count": 0,
    "lang": "en",
    "updated": 0
  },
  {
    "id": "96da2030-1e83-4d93-8e09-11ad9720307a",
    "data": [
      {
        "text": "i am not feeling well",
        "userDefined": false
      }
    ],
    "isTemplate": false,
    "count": 0,
    "lang": "en",
    "updated": 0
  },
  {
    "id": "1f3958d4-33cb-43e3-8a51-e11528aea969",
    "data": [
      {
        "text": "i\u0027m sick",
        "userDefined": false
      }
    ],
    "isTemplate": false,
    "count": 0,
    "lang": "en",
    "updated": 0
  }
]