[
  {
    "id": "e68fb632-3dfc-4b0b-8d3d-a036a9e08206",
    "data": [
      {
        "text": "tell me about hybrid face-to-face",
        "userDefined": false
      }
    ],
    "isTemplate": false,
    "count": 0,
    "lang": "en",
    "updated": 0
  },
  {
    "id": "e7658dab-1eda-478b-829b-c9498101c9bc",
    "data": [
      {
        "text": "what are the rules in going to school",
        "userDefined": false
      }
    ],
    "isTemplate": false,
    "count": 0,
    "lang": "en",
    "updated": 0
  },
  {
    "id": "c4e511ff-3e95-4f83-b9f0-09cea9617662",
    "data": [
      {
        "text": "what are the protocols for f",
        "userDefined": false
      },
      {
        "text": "2",
        "userDefined": false
      },
      {
        "text": "f classes",
        "userDefined": false
      }
    ],
    "isTemplate": false,
    "count": 0,
    "lang": "en",
    "updated": 0
  }
]