[
  {
    "id": "c7f15b08-a9b9-4fc8-b99a-c2019ecdbe6d",
    "data": [
      {
        "text": "am i allowed to go outside iit during class?",
        "userDefined": false
      }
    ],
    "isTemplate": false,
    "count": 0,
    "lang": "en",
    "updated": 0
  },
  {
    "id": "a9e251c6-e5c5-4f49-accf-3017b43e2677",
    "data": [
      {
        "text": "can i leave the campus",
        "userDefined": false
      }
    ],
    "isTemplate": false,
    "count": 0,
    "lang": "en",
    "updated": 0
  }
]