[
  {
    "id": "38458f3b-47dc-47b1-966b-315a3c4d18b6",
    "data": [
      {
        "text": "can i attend without a face mask?",
        "userDefined": false
      }
    ],
    "isTemplate": false,
    "count": 0,
    "lang": "en",
    "updated": 0
  },
  {
    "id": "f15eed71-3603-454b-a5d8-ae3bdc69afb5",
    "data": [
      {
        "text": "should i be fully vaccinated?",
        "userDefined": false
      }
    ],
    "isTemplate": false,
    "count": 0,
    "lang": "en",
    "updated": 0
  },
  {
    "id": "26ef546a-889b-4435-92cc-a310dbf51a5c",
    "data": [
      {
        "text": "do i need the vaccine?",
        "userDefined": false
      }
    ],
    "isTemplate": false,
    "count": 0,
    "lang": "en",
    "updated": 0
  },
  {
    "id": "c024cd03-8b99-4073-8de2-79b73b436bec",
    "data": [
      {
        "text": "do we need face masks?",
        "userDefined": false
      }
    ],
    "isTemplate": false,
    "count": 0,
    "lang": "en",
    "updated": 0
  },
  {
    "id": "82eb4c44-bce2-4e7f-9619-667597a897fa",
    "data": [
      {
        "text": "are masks required?",
        "userDefined": false
      }
    ],
    "isTemplate": false,
    "count": 0,
    "lang": "en",
    "updated": 0
  }
]