[
  {
    "id": "4081fdf3-ed5c-435d-bf60-df423d307ed6",
    "data": [
      {
        "text": "what happens if covid cases go up?",
        "userDefined": false
      }
    ],
    "isTemplate": false,
    "count": 0,
    "lang": "en",
    "updated": 0
  },
  {
    "id": "46b43fa3-1cbd-4cd3-a25c-39d22d28ea56",
    "data": [
      {
        "text": "what if the alert level increases?",
        "userDefined": false
      }
    ],
    "isTemplate": false,
    "count": 0,
    "lang": "en",
    "updated": 0
  }
]