[
  {
    "id": "c4e88e22-1057-4a58-aab3-98e5364657e9",
    "data": [
      {
        "text": "do we still have set A and set B for classes?",
        "userDefined": false
      }
    ],
    "isTemplate": false,
    "count": 0,
    "lang": "en",
    "updated": 0
  },
  {
    "id": "f93206a0-42fa-4cd8-8e54-62762e73b6f2",
    "data": [
      {
        "text": "is batching still active for this school year?",
        "userDefined": false
      }
    ],
    "isTemplate": false,
    "count": 0,
    "lang": "en",
    "updated": 0
  },
  {
    "id": "ccd53e3c-4b1e-47b9-abda-51ae9106a09b",
    "data": [
      {
        "text": "does batching still apply for sy ",
        "userDefined": false
      },
      {
        "text": "2022-2023",
        "meta": "@sys.date-period",
        "alias": "date-period",
        "userDefined": false
      },
      {
        "text": "?",
        "userDefined": false
      }
    ],
    "isTemplate": false,
    "count": 0,
    "lang": "en",
    "updated": 0
  },
  {
    "id": "ad2103d7-59c3-4745-8df8-04f70f8c577a",
    "data": [
      {
        "text": "will there be batching",
        "userDefined": false
      }
    ],
    "isTemplate": false,
    "count": 0,
    "lang": "en",
    "updated": 0
  }
]