[
  {
    "id": "cd2a2eac-9a3a-4464-8f79-5516f26e3037",
    "data": [
      {
        "text": "Is there a dentist in the clinic?",
        "userDefined": false
      }
    ],
    "isTemplate": false,
    "count": 0,
    "lang": "en",
    "updated": 0
  },
  {
    "id": "ec2b9774-ad3b-4ec4-8d15-b118a7c9bc9b",
    "data": [
      {
        "text": "do you have a dentist?",
        "userDefined": false
      }
    ],
    "isTemplate": false,
    "count": 0,
    "lang": "en",
    "updated": 0
  },
  {
    "id": "2265c19a-1cca-4650-9724-24e39c8d7770",
    "data": [
      {
        "text": "do you offer free dental",
        "userDefined": false
      }
    ],
    "isTemplate": false,
    "count": 0,
    "lang": "en",
    "updated": 0
  }
]