[
  {
    "id": "0e8f50c4-4790-4f91-a9cc-4c1e27658b8a",
    "data": [
      {
        "text": "do we need to bring alcohol",
        "userDefined": false
      }
    ],
    "isTemplate": false,
    "count": 0,
    "lang": "en",
    "updated": 0
  },
  {
    "id": "0009b36a-91ba-4610-ab03-b1b4b1bee9de",
    "data": [
      {
        "text": "Can I have my own personal hygiene kit?",
        "userDefined": false
      }
    ],
    "isTemplate": false,
    "count": 0,
    "lang": "en",
    "updated": 0
  },
  {
    "id": "1bb3f06a-ca0d-4d39-8a6c-fa9e16533d3f",
    "data": [
      {
        "text": "do we need hygiene kits?",
        "userDefined": false
      }
    ],
    "isTemplate": false,
    "count": 0,
    "lang": "en",
    "updated": 0
  },
  {
    "id": "99627de7-6bf1-4563-803b-baca0e261bae",
    "data": [
      {
        "text": "can i bring my own alcohol",
        "userDefined": false
      }
    ],
    "isTemplate": false,
    "count": 0,
    "lang": "en",
    "updated": 0
  }
]