[
  {
    "id": "754fc2ea-f6b4-4df3-9e81-253e2fcd19e0",
    "data": [
      {
        "text": "administration",
        "userDefined": false
      }
    ],
    "isTemplate": false,
    "count": 0,
    "lang": "en",
    "updated": 0
  },
  {
    "id": "29b4f52a-d48d-4256-9f4b-60a88d035403",
    "data": [
      {
        "text": "staff",
        "userDefined": false
      }
    ],
    "isTemplate": false,
    "count": 0,
    "lang": "en",
    "updated": 0
  },
  {
    "id": "2b5b0acd-61f5-4b3b-846f-db8416105ed0",
    "data": [
      {
        "text": "i am a member of the faculty",
        "userDefined": false
      }
    ],
    "isTemplate": false,
    "count": 0,
    "lang": "en",
    "updated": 0
  },
  {
    "id": "a0aa2b56-06e8-4a2f-ac03-9f5fde1d7c81",
    "data": [
      {
        "text": "i am faculty",
        "userDefined": false
      }
    ],
    "isTemplate": false,
    "count": 0,
    "lang": "en",
    "updated": 0
  }
]