[
  {
    "id": "55741c41-1eaf-45c4-aa0d-013eab153858",
    "data": [
      {
        "text": "student here, i am sick",
        "userDefined": false
      }
    ],
    "isTemplate": false,
    "count": 0,
    "lang": "en",
    "updated": 0
  },
  {
    "id": "11cded96-5536-474f-847b-d55ce0f464a5",
    "data": [
      {
        "text": "i am a student, i think i have covid",
        "userDefined": false
      }
    ],
    "isTemplate": false,
    "count": 0,
    "lang": "en",
    "updated": 0
  },
  {
    "id": "4570a1af-56f5-4d46-9fbd-60a01e054601",
    "data": [
      {
        "text": "as a student, what if i am not feeling well",
        "userDefined": false
      }
    ],
    "isTemplate": false,
    "count": 0,
    "lang": "en",
    "updated": 0
  }
]