[
  {
    "id": "01d8444f-1bd1-4baf-bc08-b20929f86591",
    "data": [
      {
        "text": "why can\u0027t i go in this direction?",
        "userDefined": false
      }
    ],
    "isTemplate": false,
    "count": 0,
    "lang": "en",
    "updated": 0
  },
  {
    "id": "456fa316-bac7-4ad0-ae30-728394413a9d",
    "data": [
      {
        "text": "what are these arrows on the floor?",
        "userDefined": false
      }
    ],
    "isTemplate": false,
    "count": 0,
    "lang": "en",
    "updated": 0
  }
]