[
  {
    "id": "3050c732-59ed-4ad9-af6e-62423ed9ed02",
    "data": [
      {
        "text": "what if there\u0027s another lockdown?",
        "userDefined": false
      }
    ],
    "isTemplate": false,
    "count": 0,
    "lang": "en",
    "updated": 0
  },
  {
    "id": "e22bb1f8-c999-41e9-beb6-381b62a3c69f",
    "data": [
      {
        "text": "what happens if the alert level changes?",
        "userDefined": false
      }
    ],
    "isTemplate": false,
    "count": 0,
    "lang": "en",
    "updated": 0
  },
  {
    "id": "3ae180fe-3b80-4ae1-a5c0-cc64585cc6b6",
    "data": [
      {
        "text": "what if the situation gets worse",
        "userDefined": false
      }
    ],
    "isTemplate": false,
    "count": 0,
    "lang": "en",
    "updated": 0
  }
]