[
  {
    "id": "1dc4a730-b22b-450e-9ab7-ba46118237ce",
    "data": [
      {
        "text": "do we also have online classes?",
        "userDefined": false
      }
    ],
    "isTemplate": false,
    "count": 0,
    "lang": "en",
    "updated": 0
  },
  {
    "id": "d3fd2656-e65f-4007-af12-89d30e31265f",
    "data": [
      {
        "text": "is it completely face-to-face?",
        "userDefined": false
      }
    ],
    "isTemplate": false,
    "count": 0,
    "lang": "en",
    "updated": 0
  },
  {
    "id": "f04fd2b2-53a0-4300-82e8-62d07f3fd8e2",
    "data": [
      {
        "text": "are we completely f",
        "userDefined": false
      },
      {
        "text": "2",
        "userDefined": false
      },
      {
        "text": "f?",
        "userDefined": false
      }
    ],
    "isTemplate": false,
    "count": 0,
    "lang": "en",
    "updated": 0
  },
  {
    "id": "93767d9e-77b3-468e-8371-1f1a4fa80348",
    "data": [
      {
        "text": "how much is face-to-face",
        "userDefined": false
      }
    ],
    "isTemplate": false,
    "count": 0,
    "lang": "en",
    "updated": 0
  }
]