[
  {
    "id": "eaf359dd-c3cb-4b79-bf1e-82dd5059211b",
    "data": [
      {
        "text": "can you tell me what services you provide",
        "userDefined": false
      }
    ],
    "isTemplate": false,
    "count": 0,
    "lang": "en",
    "updated": 0
  },
  {
    "id": "13a9e683-107e-4103-a6cc-45b529abde26",
    "data": [
      {
        "text": "What services can you offer?",
        "userDefined": false
      }
    ],
    "isTemplate": false,
    "count": 0,
    "lang": "en",
    "updated": 0
  }
]