[
  {
    "id": "93ef780f-6556-4d39-bdd3-70bef60733eb",
    "data": [
      {
        "text": "as a professor, i think i have covid",
        "userDefined": false
      }
    ],
    "isTemplate": false,
    "count": 0,
    "lang": "en",
    "updated": 0
  },
  {
    "id": "49401dfc-9e24-482e-9047-3273fc0f1c03",
    "data": [
      {
        "text": "i am faculty, i\u0027m not feeling well",
        "userDefined": false
      }
    ],
    "isTemplate": false,
    "count": 0,
    "lang": "en",
    "updated": 0
  },
  {
    "id": "7878033c-d7a3-45cc-9140-8d8e6787d43c",
    "data": [
      {
        "text": "i am a teacher and i am sick",
        "userDefined": false
      }
    ],
    "isTemplate": false,
    "count": 0,
    "lang": "en",
    "updated": 0
  }
]