[
  {
    "id": "582cc4a4-eb16-4ad0-89e3-4248fb787561",
    "data": [
      {
        "text": "why do i need to check my temperature?",
        "userDefined": false
      }
    ],
    "isTemplate": false,
    "count": 0,
    "lang": "en",
    "updated": 0
  },
  {
    "id": "172370cf-93c1-45f1-bbcc-e3b6865213dd",
    "data": [
      {
        "text": "what happens at the entrance",
        "userDefined": false
      }
    ],
    "isTemplate": false,
    "count": 0,
    "lang": "en",
    "updated": 0
  }
]