[
  {
    "id": "5ed4f5f8-90b1-4fed-afb4-8809a70de5cf",
    "data": [
      {
        "text": "what is the percent capacity of auditoriums?",
        "userDefined": false
      }
    ],
    "isTemplate": false,
    "count": 0,
    "lang": "en",
    "updated": 0
  },
  {
    "id": "b03ad7ee-6a08-4a34-8092-6be6a2b6cced",
    "data": [
      {
        "text": "how many can attend in a conference room?",
        "userDefined": false
      }
    ],
    "isTemplate": false,
    "count": 0,
    "lang": "en",
    "updated": 0
  },
  {
    "id": "d531c645-2e8e-4361-aee0-253bb8a40471",
    "data": [
      {
        "text": "does the gymnasium allow full capacity?",
        "userDefined": false
      }
    ],
    "isTemplate": false,
    "count": 0,
    "lang": "en",
    "updated": 0
  },
  {
    "id": "c463ed5b-6d5e-4331-b26c-c7d8f88b3913",
    "data": [
      {
        "text": "how many people can fit in the gym?",
        "userDefined": false
      }
    ],
    "isTemplate": false,
    "count": 0,
    "lang": "en",
    "updated": 0
  }
]