[
  {
    "id": "e63ae495-c1fe-4b04-bb7a-1b444502dcca",
    "data": [
      {
        "text": "Do we have a place where we can eat?",
        "userDefined": false
      }
    ],
    "isTemplate": false,
    "count": 0,
    "lang": "en",
    "updated": 0
  },
  {
    "id": "5552d838-a3f2-47af-805f-85727c8f5a53",
    "data": [
      {
        "text": "Can I bring my own lunch?",
        "userDefined": false
      }
    ],
    "isTemplate": false,
    "count": 0,
    "lang": "en",
    "updated": 0
  },
  {
    "id": "eb895c1a-12c0-44f3-bf48-04cb19f0a49c",
    "data": [
      {
        "text": "where can i eat",
        "userDefined": false
      }
    ],
    "isTemplate": false,
    "count": 0,
    "lang": "en",
    "updated": 0
  }
]