[
  {
    "id": "c0ae57de-c8f4-45f0-9920-9f5c450ec382",
    "data": [
      {
        "text": "i think i have covid",
        "userDefined": false
      }
    ],
    "isTemplate": false,
    "count": 0,
    "lang": "en",
    "updated": 0
  },
  {
    "id": "1f28c0c2-b3df-4413-8e1e-41d9283f6876",
    "data": [
      {
        "text": "i am not feeling well",
        "userDefined": false
      }
    ],
    "isTemplate": false,
    "count": 0,
    "lang": "en",
    "updated": 0
  },
  {
    "id": "11cce0f3-4828-4e50-9f77-34573aba6b05",
    "data": [
      {
        "text": "i\u0027m sick",
        "userDefined": false
      }
    ],
    "isTemplate": false,
    "count": 0,
    "lang": "en",
    "updated": 0
  }
]