[
  {
    "id": "4a293bc1-aa76-4a2c-9ec2-fe18d9f0a724",
    "data": [
      {
        "text": "do we need physical distancing in classrooms?",
        "userDefined": false
      }
    ],
    "isTemplate": false,
    "count": 0,
    "lang": "en",
    "updated": 0
  },
  {
    "id": "cfcc6597-c051-4197-b4f6-19c659c6cac5",
    "data": [
      {
        "text": "is physical distancing still required?",
        "userDefined": false
      }
    ],
    "isTemplate": false,
    "count": 0,
    "lang": "en",
    "updated": 0
  }
]