[
  {
    "id": "6398e455-c76b-4d47-97ee-80da035db6a5",
    "data": [
      {
        "text": "i cannot attend f2f classes",
        "userDefined": false
      }
    ],
    "isTemplate": false,
    "count": 0,
    "lang": "en",
    "updated": 0
  },
  {
    "id": "823ae81a-6b30-452a-8bf0-83fb51cc0d47",
    "data": [
      {
        "text": "i can\u0027t face-to-face",
        "userDefined": false
      }
    ],
    "isTemplate": false,
    "count": 0,
    "lang": "en",
    "updated": 0
  },
  {
    "id": "660e16e1-4368-473c-b02e-3e95155248b7",
    "data": [
      {
        "text": "what if i can\u0027t attend the whole semester",
        "userDefined": false
      }
    ],
    "isTemplate": false,
    "count": 0,
    "lang": "en",
    "updated": 0
  }
]