[
  {
    "id": "e5b42d95-fdaf-4343-bc2d-c5dcd940f4aa",
    "data": [
      {
        "text": "why is the school closed every month",
        "userDefined": false
      }
    ],
    "isTemplate": false,
    "count": 0,
    "lang": "en",
    "updated": 0
  },
  {
    "id": "6f01d251-b23f-4a44-bf93-e22c54cd6252",
    "data": [
      {
        "text": "do we have campus disinfection",
        "userDefined": false
      }
    ],
    "isTemplate": false,
    "count": 0,
    "lang": "en",
    "updated": 0
  }
]