[
  {
    "id": "2d18adab-b128-4e3c-bf46-df8f4ab38fde",
    "data": [
      {
        "text": "should i be responsible for my student\u0027s health?",
        "userDefined": false
      }
    ],
    "isTemplate": false,
    "count": 0,
    "lang": "en",
    "updated": 0
  },
  {
    "id": "3480ba4e-d860-4a8e-bf69-d946e6213130",
    "data": [
      {
        "text": "who should be responsible for the students\u0027 compliance with protocols",
        "userDefined": false
      }
    ],
    "isTemplate": false,
    "count": 0,
    "lang": "en",
    "updated": 0
  }
]