[
  {
    "id": "1c498b84-49a6-44cf-ab11-4b82489a2cf2",
    "data": [
      {
        "text": "Are prelims, midterms, and finals face-to-face?",
        "userDefined": false
      }
    ],
    "isTemplate": false,
    "count": 0,
    "lang": "en",
    "updated": 0
  },
  {
    "id": "8509aad5-cbd6-433c-b0bf-f021542bec0a",
    "data": [
      {
        "text": "are examinations online?",
        "userDefined": false
      }
    ],
    "isTemplate": false,
    "count": 0,
    "lang": "en",
    "updated": 0
  },
  {
    "id": "132188ff-53f0-42e2-925d-d638360b343f",
    "data": [
      {
        "text": "do we need to go to school to take exams?",
        "userDefined": false
      }
    ],
    "isTemplate": false,
    "count": 0,
    "lang": "en",
    "updated": 0
  },
  {
    "id": "29beee53-e00d-460a-9dfb-e6a77bf70621",
    "data": [
      {
        "text": "are exams f",
        "userDefined": false
      },
      {
        "text": "2",
        "userDefined": false
      },
      {
        "text": "f?",
        "userDefined": false
      }
    ],
    "isTemplate": false,
    "count": 0,
    "lang": "en",
    "updated": 0
  }
]