[
  {
    "id": "76b3a841-4cd6-45c0-87f8-8471b5d3ed6f",
    "data": [
      {
        "text": "what should we bring for face-to-face classes",
        "userDefined": false
      }
    ],
    "isTemplate": false,
    "count": 0,
    "lang": "en",
    "updated": 0
  },
  {
    "id": "a1ab9be8-ebcc-45e5-abd8-295b17a287ac",
    "data": [
      {
        "text": "what do we need to bring during f2f",
        "userDefined": false
      }
    ],
    "isTemplate": false,
    "count": 0,
    "lang": "en",
    "updated": 0
  }
]