[
  {
    "id": "979fd3e3-6ea6-46b4-a8d5-4fbb55ec67da",
    "data": [
      {
        "text": "do we have contact tracing in msu-iit?",
        "userDefined": false
      }
    ],
    "isTemplate": false,
    "count": 0,
    "lang": "en",
    "updated": 0
  },
  {
    "id": "1ed829cf-0e5d-450f-a2ad-6983dd59d226",
    "data": [
      {
        "text": "who is responsible for contact tracing",
        "userDefined": false
      }
    ],
    "isTemplate": false,
    "count": 0,
    "lang": "en",
    "updated": 0
  }
]